{"runtime_hours": 0.015924021005630493, "epochs": 100, "parameters": 16358, "details_train": {"total_loss": [0.017581948176874994, 0.015869740952482305, 0.015307675096222903, 0.015180630853765979, 0.014817901593022063, 0.014444047875027241, 0.014434893992410597, 0.014233645760356102, 0.013565400400166142, 0.013836580156207992, 0.01367886855095412, 0.013652961595503174, 0.013603604792284202, 0.013384508600783617, 0.013030709272324833, 0.013073349125461696, 0.012750645764885011, 0.012701655790666734, 0.01271564930038351, 0.012445361195194411, 0.012637536423888545, 0.012457432554756025, 0.012482941696961024, 0.011958910145873927, 0.011850272317979367, 0.011832475133114815, 0.011835899277026956, 0.011708150326807103, 0.01126088160769797, 0.011339543903096634, 0.011190387450634458, 0.01087196868412061, 0.011011720267149168, 0.011056104483817728, 0.01093507600539781, 0.011273837911387261, 0.010435477160269527, 0.010762971641007507, 0.010683795954737488, 0.010791466626149047, 0.01018830218539415, 0.010146972768615132, 0.010343146115946885, 0.00988595525061779, 0.010517097331011435, 0.010363993448597621, 0.010129272453323717, 0.009969950725550143, 0.010015558898929959, 0.009956578924437671, 0.010204312416274123, 0.009653391462126057, 0.009378578482079347, 0.009798401447452375, 0.009395583838753527, 0.009484161355472365, 0.009880733632233277, 0.00949277418369463, 0.009124993985909208, 0.009231899654312785, 0.009196936001913982, 0.008684723432063507, 0.0090945065193306, 0.008995498282543273, 0.008830600685929823, 0.00852937352514388, 0.008646944849989176, 0.008587611717633012, 0.008480396478206902, 0.008486545619146598, 0.008793367762251716, 0.008190427338826868, 0.009039749434968967, 0.008287267949700987, 0.008252651561012955, 0.008139079069456307, 0.008180982204992046, 0.008592134857400376, 0.008434612768667207, 0.007886976245872321, 0.008246752795313865, 0.007812544304928198, 0.008238555665510383, 0.007856258783632912, 0.007834413866857133, 0.007853428827388676, 0.008158429979535878, 0.007966841101399044, 0.007861423546030468, 0.007789664592354259, 0.007822189589153657, 0.007512796280232613, 0.007788642974652424, 0.007440446946638532, 0.007269200891881652, 0.007863825823143657, 0.00747404465009904, 0.007608864565502534, 0.0074733419351130275, 0.0076405274165729405], "accuracy": [0.7214664514641457, 0.7542079778648836, 0.7715010375835831, 0.7731150564906617, 0.7848743370993775, 0.7910998385981093, 0.7853354853585428, 0.7851049112289601, 0.8065483052801475, 0.8037814157251556, 0.8056260087618169, 0.8051648605026516, 0.8081623241872262, 0.8141572515563754, 0.8150795480747061, 0.8102374913534701, 0.8243025132580124, 0.8208439013142725, 0.8210744754438551, 0.8272999769425871, 0.826608254553839, 0.8222273460917685, 0.8231496426100992, 0.8342172008300669, 0.8342172008300669, 0.8390592575513027, 0.839520405810468, 0.8487433709937745, 0.844362462531704, 0.8379063869033895, 0.8524325570670971, 0.8510491122896011, 0.8510491122896011, 0.8462070555683652, 0.8503573899008531, 0.8468987779571132, 0.8581969103066636, 0.8519714088079318, 0.855199446622089, 0.8522019829375144, 0.8664975789716394, 0.8588886326954116, 0.8646529859349781, 0.8715702098224579, 0.855199446622089, 0.8637306894166474, 0.8669587272308047, 0.87087848743371, 0.8628083928983168, 0.8676504496195527, 0.8630389670278995, 0.8722619322112058, 0.878256859580355, 0.8731842287295365, 0.8794097302282684, 0.8727230804703712, 0.8651141341941434, 0.8653447083237261, 0.8747982476366152, 0.8807931750057644, 0.8801014526170163, 0.8907078625778188, 0.8819460456536776, 0.8775651371916071, 0.8867881023749136, 0.893935900391976, 0.8860963799861655, 0.8865575282453309, 0.8893244178003228, 0.8851740834678349, 0.8833294904311736, 0.8916301590961494, 0.8812543232649297, 0.8923218814848974, 0.8930136038736454, 0.8890938436707402, 0.8937053262623934, 0.8826377680424257, 0.8895549919299055, 0.8950887710398894, 0.8879409730228268, 0.8994696795019599, 0.894627622780724, 0.8950887710398894, 0.896702789946968, 0.8957804934286373, 0.893935900391976, 0.8983168088540465, 0.897394512335716, 0.8937053262623934, 0.8976250864652986, 0.9029282914456997, 0.9015448466682038, 0.9022365690569518, 0.9089232188148489, 0.8969333640765507, 0.9038505879640304, 0.9054646068711091, 0.904772884482361, 0.8994696795019599]}}